#,Module,Function,TestCase,Nodes
1,routing/NAT/test_nat.py,test_ft_nat_docker_restart,ft_dynamic_napt_docker_restart,
2,routing/NAT/test_nat.py,test_ft_nat_docker_restart,ft_static_napt_docker_restart,
3,routing/NAT/test_nat.py,test_ft_nat_docker_restart,ft_static_nat_docker_restart,
4,routing/BGP/test_bgp.py,TestBGPRif::test_ft_bgp_v6_link_local_bgp,FtOtSoRtBgpPlFn006,
5,routing/BGP/test_bgp.py,TestBGPRif::test_ft_bgp_v6_link_local_bgp,FtOpSoSysImLogFn018,
6,routing/BGP/test_bgp.py,TestBGPRif::test_ft_bgp_clear,ft_bgp_sonic_show_summary_neigh,
7,routing/BGP/test_bgp.py,TestBGPRif::test_ft_bgp_clear,ft_bgp_v4peer_asn4,
8,routing/BGP/test_bgp.py,TestBGPRif::test_ft_bgp_clear,ft_bgp_v4peer_auth_simple,
9,routing/BGP/test_bgp.py,TestBGPRif::test_ft_bgp_clear,ft_bgp_v4peer_sonic_clear,
10,routing/BGP/test_bgp.py,TestBGPRif::test_ft_bgp_clear,ft_bgp_v4peer_vtysh_clear,
11,routing/BGP/test_bgp.py,TestBGPRif::test_ft_bgp_clear,ft_bgp_v6peer_auth_simple,
12,routing/BGP/test_bgp.py,TestBGPRif::test_ft_bgp_clear,ft_bgp_v6peer_sonic_clear,
13,routing/BGP/test_bgp.py,TestBGPRif::test_ft_bgp_clear,ft_bgp_v6peer_vtysh_clear,
14,routing/BGP/test_bgp.py,TestBGPRif::test_ft_bgp_peer_traffic_check,FtOtSoRtBgp4Fn025,
15,routing/BGP/test_bgp.py,TestBGPRif::test_ft_bgp_peer_traffic_check,FtOtSoRtBgp4Fn049,
16,routing/BGP/test_bgp.py,TestBGPRif::test_ft_bgp_peer_traffic_check,ft_bgp_update_delay_timer,
17,routing/BGP/test_bgp.py,TestBGPRif::test_ft_bgp_peer_traffic_check,ft_ipv4_bgp_ibgp_ebgp_traffic,
18,routing/BGP/test_bgp.py,TestBGPRif::test_ft_bgp_graceful_restart_and_aware_routers,FtOtSoRtBgp4Fn063,
19,routing/BGP/test_bgp.py,TestBGPRif::test_ft_bgp_ipv4_no_route_aggregation_for_exact_prefix_match,FtOtSoRtBgp4Fn001,
20,routing/BGP/test_bgp.py,TestBGPRif::test_ft_bgp_ipv4_route_aggregation_atomic_aggregate_without_as_set,FtOtSoRtBgp4Fn002,
21,routing/BGP/test_bgp.py,TestBGPRif::test_bgp_route_aggregation_4byteASN,FtOtSoRtBgp4Fn061,
22,routing/BGP/test_bgp.py,TestBGPRif::test_ft_bgp_ipv6_route_aggregation_with_as_set,FtOtSoRtBgpPlFn001,
23,routing/BGP/test_bgp.py,TestBGPRif::test_ft_bgp_v4_dyn_nbr,FtOtSoRtBgp4Fn060,
24,routing/BGP/test_bgp.py,TestBGPRif::test_ft_bgp_v6_dyn_nbr,FtOtSoRtBgpPlFn004,
25,routing/BGP/test_bgp.py,TestBGPRif::test_ft_bgp_v4_max_dyn_nbr,FtOtSoRtBgp4Fn019,
26,routing/BGP/test_bgp.py,TestBGPRif::test_ft_bgp_rmap,FtOtSoRtBgp4Fn078,
27,routing/BGP/test_bgp.py,TestBGPIPvxRouteAdvertisementFilter::test_redistribute_connected_ipv4,FtOtSoRtBgp4Fn034,
28,routing/BGP/test_bgp.py,TestBGPIPvxRouteAdvertisementFilter::test_redistribute_static_ipv4,FtOtSoRtBgp4Fn033,
29,routing/BGP/test_bgp.py,TestBGPIPvxRouteAdvertisementFilter::test_distribute_list_in_ipv4,FtOtSoRtBgp4Fn018,
30,routing/BGP/test_bgp.py,TestBGPIPvxRouteAdvertisementFilter::test_filter_list_in_ipv4,FtOtSoRtBgp4Fn039,
31,routing/BGP/test_bgp.py,TestBGPIPvxRouteAdvertisementFilter::test_filter_list_in_ipv4,FtOtSoRtBgp4Fn077,
32,routing/BGP/test_bgp.py,TestBGPIPvxRouteAdvertisementFilter::test_prefix_list_out_ipv4,FtOtSoRtBgp4Fn036,
33,routing/BGP/test_bgp.py,TestBGPIPvxRouteAdvertisementFilter::test_prefix_list_out_ipv4,ft_bgp_outbound_routefilter,
34,routing/BGP/test_bgp.py,TestBGPIPvxRouteAdvertisementFilter::test_default_originate_ipv4,FtOtSoRtBgp4Fn032,
35,routing/BGP/test_bgp.py,TestBGPIPvxRouteAdvertisementFilter::test_route_map_in_ipv4,FtOtSoRtBgp4Fn027,
36,routing/BGP/test_bgp.py,TestBGPIPvxRouteAdvertisementFilter::test_redistribute_connected_ipv6,ft_bgp_v6peer_route_redist_static_conn,
37,routing/BGP/test_bgp.py,TestBGPIPvxRouteAdvertisementFilter::test_redistribute_static_ipv6,bgp_redis_st_ipv6,
38,routing/BGP/test_bgp.py,TestBGPIPvxRouteAdvertisementFilter::test_distribute_list_in_ipv6,FtOtSoRtBgpPlFn012,
39,routing/BGP/test_bgp.py,TestBGPIPvxRouteAdvertisementFilter::test_distribute_list_in_ipv6,FtOtSoRtBgpPlFn014,
40,routing/BGP/test_bgp.py,TestBGPIPvxRouteAdvertisementFilter::test_distribute_list_in_ipv6,ft_bgp_v6_as_path_acl,
41,routing/BGP/test_bgp.py,TestBGPIPvxRouteAdvertisementFilter::test_filter_list_in_ipv6,FtOtSoRtBgpPlFn007,
42,routing/BGP/test_bgp.py,TestBGPIPvxRouteAdvertisementFilter::test_prefix_list_out_ipv6,FtOtSoRtBgpPlFn016,
43,routing/BGP/test_bgp.py,TestBGPIPvxRouteAdvertisementFilter::test_filter_list_out_ipv6,FtOtSoRtBgpPlFn018,
44,routing/BGP/test_bgp.py,TestBGPIPvxRouteAdvertisementFilter::test_default_originate_ipv6,bgp_default_ipv6,
45,routing/BGP/test_bgp.py,TestBGPIPvxRouteAdvertisementFilter::test_route_map_in_ipv6,FtOtSoRtBgpPlFn038,
46,routing/BGP/test_bgp.py,TestBGPIPvxRouteAdvertisementFilter::test_bgp_route_map_with_community,FtOtSoRtBgp4Fn016,
47,routing/BGP/test_bgp.py,TestBGPIPvxRouteAdvertisementFilter::test_bgp_ebgp4_nbr_update_source,FtOtSoRtBgp4Fn014,
48,routing/BGP/test_bgp.py,TestBGPIPvxRouteAdvertisementFilter::test_bgp_ebgp4_nbr_authentication,FtOtSoRtBgp4Fn015,
49,routing/BGP/test_bgp.py,TestBGPIPvxRouteAdvertisementFilter::test_route_aggregate_ipv6,FtOtSoRtBgpPlFn002,
50,routing/BGP/test_bgp.py,TestBGPIPvxRouteAdvertisementFilter::test_static_blackhole_rt_redistribute_with_routemap_ipv6,FtOtSoRtBgpPlFn005,
51,routing/BGP/test_bgp.py,TestBGPVeLag::test_ft_bgp_clear,bgp_lag_clear,
52,routing/BGP/test_bgp.py,TestBGPVeLag::test_ft_bgp_peer_traffic_check,FtOtSoRtBgp4Fn069,
53,routing/BGP/test_bgp.py,TestBGPVeLag::test_ft_bgp_peer_traffic_check,FtOtSoRtBgp4Fn070,
54,routing/BGP/test_bgp.py,TestBGPVeLag::test_ft_bgp_peer_traffic_check,FtOtSoRtBgpPlFn032,
55,routing/BGP/test_bgp.py,TestBGPL3Lag::test_ft_bgp_l3lag_peer_traffic_check,bgpl3lag_traffic,
56,routing/VRF/test_vrf_scale.py,test_vrf_scale,FtRtPerfFn023,
57,routing/VRF/test_vrf_scale.py,test_vrf_scale,FtRtPerfFn024,
58,routing/VRF/test_vrf_scale.py,test_vrf_scale,FtOpSoRoVrfFun052,
59,routing/VRF/test_vrf_scale.py,test_vrf_route_leak,FtOpSoRoVrfScl057,
60,routing/VRF/test_vrf_scale.py,test_vrf_bgp,FtOpSoRoVrfScl056,
61,routing/VRF/test_vrf_scale.py,test_vrf_reload,FtOpSoRoVrfScl058,
62,routing/BGP/test_bgp_rr_traffic.py,TestBGPRrTraffic::test_ft_bgp6_rr_traffic_check,FtOtSoRtBgpPlFn025,
63,routing/test_ip.py,test_l3_v4_route_po_1,FtOpSoRtIpv4Fn003,
64,routing/test_ip.py,test_ft_ping_v4_v6_vlan,ft_ipv4_address_check ,
65,routing/test_ip.py,test_ft_ping_v4_v6_vlan,ft_ipv6_address_check ,
66,routing/test_ip.py,test_ft_ping_v4_v6_vlan,ft_ping_vlan ,
67,routing/test_ip.py,test_ft_ping_v4_v6_after_ip_change_pc,ft_ip6_address_check_pc,
68,routing/test_ip.py,test_ft_ping_v4_v6_after_ip_change_pc,ft_ip_address_check_pc,
69,routing/test_ip.py,test_ft_ping_v4_v6_after_ip_change_pc,ft_ping6_after_ip_change,
70,routing/test_ip.py,test_ft_ping_v4_v6_after_ip_change_pc,ft_ping_after_ip_change,
71,routing/test_ip.py,test_ft_ping_v4_v6_after_ip_change_pc,CETA_SONIC_40640,
72,routing/test_ip.py,test_ft_ip6_static_route_traffic_forward_blackhole,ft_ip6_connected_host_traffic_forward,
73,routing/test_ip.py,test_ft_ip6_static_route_traffic_forward_blackhole,ft_ip6_static_route_traffic_forward ,
74,routing/test_ip.py,test_ft_ip6_static_route_traffic_forward_blackhole,ft_ip6_static_route_traffic_fwd_blackhole ,
75,routing/test_ip.py,test_ft_ip6_static_route_traffic_forward_blackhole,RIF_COUNT_FUNC_0031,
76,routing/test_ip.py,test_ft_ip_static_route_traffic_forward,ft_ip_static_route_traffic_forward,
77,routing/test_ip.py,test_ft_ip_static_route_traffic_forward,RIF_COUNT_FUNC_001,
78,routing/test_ip.py,test_ft_ip_static_route_traffic_forward,RIF_COUNT_FUNC_021,
79,routing/test_ip.py,test_ft_ip_v4_v6_L2_L3_translation,ft_ip6_L2_L3_translation,
80,routing/test_ip.py,test_ft_ip_v4_v6_L2_L3_translation,ft_ip_L2_L3_translation,
81,routing/test_ip.py,test_ft_verify_interfaces_order,ipv4_intf_order,
82,routing/test_ip.py,test_ft_verify_interfaces_order,ipv6_intf_order,
83,qos/test_qos_save_reboot.py,test_ft_qos_config_mgmt_verifying_config_with_save_reboot,FtFpSoQoSCoSCfg001,
84,qos/test_qos_save_reboot.py,test_ft_qos_config_mgmt_verifying_config_with_save_reboot,FtOpSoQosAclCmFn001,
85,qos/test_qos_save_reboot.py,test_ft_qos_config_mgmt_verifying_config_with_save_reboot,FtOpSoQosAclCmFn002,
86,qos/test_qos_save_reboot.py,test_ft_qos_config_mgmt_verifying_config_with_save_reboot,FtOpSoQosEcnCfg001,
87,qos/test_qos_save_reboot.py,test_ft_qos_config_mgmt_verifying_config_with_save_reboot,FtOpSoQosWredCfg001,
88,qos/test_qos_save_reboot.py,test_ft_qos_config_mgmt_verifying_config_with_save_reboot,ft_acl_configvalues_save_reload,
89,qos/test_qos_save_reboot.py,test_ft_qos_config_mgmt_verifying_config_with_save_reboot,ft_ecn_config_db_to_running_config_after_save_and_reload,
90,qos/test_qos_save_reboot.py,test_ft_qos_config_mgmt_verifying_config_with_save_reboot,ft_ecn_config_to_config_db_json_after_save_and_reboot,
91,system/test_device_mgmt.py,test_ft_ip_static_ip_on_mgmt_intrf,ft_ip_static_ip_on_mgmt_intrf,
92,routing/BGP/test_bgp_4node.py,TestBGPConfed::test_ipv6_confed_route_distribution,ft_bgp_confedv6_config_adv,
93,routing/BGP/test_bgp_4node.py,TestBGPConfed::test_ipv6_confed_with_rr,ft_bgp_confedv6_route_reflector,
94,routing/BGP/test_bgp_4node.py,TestBGPConfed::test_confed_route_distribution_with_rmap,ft_bgp_confedv6_route_maps_filter,
95,routing/BGP/test_bgp_4node.py,test_ft_bgp_ibgp_RR_Loop,ft_bgp_ibgp_RR_Loop,
96,routing/BGP/test_bgp_4node.py,test_ft_bgp_ebgp_community_map,ft_bgp_ebgp_community_map,
97,routing/BGP/test_bgp_4node.py,test_ft_bgp_ebgp_community_map,test_ft_bgp_ebgp_community_sub,
98,routing/test_arp.py,test_ft_arp_dynamic_renew_traffic_test,ft_arp_dynamic_renew_traffic_test,
99,system/test_sflow.py,test_ft_sflow_sampling_v6_sFlow_collector,FtOpSfFn004,
100,system/test_sflow.py,test_ft_sflow_sampling_v6_sFlow_collector,FtOpSfFn008,
101,system/test_sflow.py,test_ft_sflow_max_sflow_collector_config,FtOpSfFn005,
102,system/test_sflow.py,test_ft_system_config_mgmt_verifying_config_with_save_reboot_sflow,FtOpSfFn017,
103,sanity/test_sanity_l3.py,test_l2_to_l3_port,l2_to_l3_port,
104,routing/test_ndp.py,test_ft_ipv6_neighbor_entry,ft_ipv6_ndp_clear_cache,
105,routing/test_ndp.py,test_ft_ipv6_neighbor_entry,ft_ipv6_neighbor_entry,
106,routing/test_ndp.py,test_ft_ipv6_neighbor_entry,ft_ipv6_neighbor_static_entry,
107,routing/test_l3_performance.py,test_ft_l3_performance_enhancements_v4_route_intstall_withdraw,FtOpSoRtPerfFn025,
108,routing/test_l3_performance.py,test_ft_l3_performance_enhancements_v4_route_intstall_withdraw,FtOpSoRtPerfFn026,
109,routing/test_l3_performance.py,test_ft_l3_performance_enhancements_v4_route_intstall_withdraw,FtOpSoRtPerfFn052,
110,routing/test_l3_performance.py,test_ft_l3_performance_enhancements_v4_route_intstall_withdraw,FtOpSoRtPerfFn053,
111,routing/test_l3_performance.py,test_cli_validation_ip_address,FtOpSoRtPerfFn054,
112,routing/test_l3_performance.py,test_cli_validation_ip_address,FtOpSoRtPerfFn055,
113,routing/test_l3_performance.py,test_cli_validation_bgp_router_config,FtOpSoRtPerfFn056,
114,routing/test_l3_performance.py,test_cli_validation_bgp_router_config,FtOpSoRtPerfFn057,
115,routing/VRF/test_vrf.py,test_VrfFun001_06,FtOpSoRoVrfCli001,
116,routing/VRF/test_vrf.py,test_VrfFun001_06,FtOpSoRoVrfCli006,
117,routing/VRF/test_vrf.py,test_VrfFun_26_27,FtOpSoRoVrfFun026,
118,routing/VRF/test_vrf.py,test_VrfFun_26_27,FtOpSoRoVrfFun027,
119,routing/VRF/test_vrf.py,test_VrfFun_26_27,FtOpSoRoVrfFun037,
120,routing/VRF/test_vrf.py,test_VrfFun_10_12_14,FtOpSoRoVrfFun010,
121,routing/VRF/test_vrf.py,test_VrfFun_10_12_14,FtOpSoRoVrfFun012,
122,routing/VRF/test_vrf.py,test_VrfFun_10_12_14,FtOpSoRoVrfFun014,
123,routing/VRF/test_vrf.py,test_VrfFun_20_24_25_32_33_44_45,FtOpSoRoVrfFun020,
124,routing/VRF/test_vrf.py,test_VrfFun_20_24_25_32_33_44_45,FtOpSoRoVrfFun024,
125,routing/VRF/test_vrf.py,test_VrfFun_20_24_25_32_33_44_45,FtOpSoRoVrfFun025,
126,routing/VRF/test_vrf.py,test_VrfFun_20_24_25_32_33_44_45,FtOpSoRoVrfFun032,
127,routing/VRF/test_vrf.py,test_VrfFun_20_24_25_32_33_44_45,FtOpSoRoVrfFun033,
128,routing/VRF/test_vrf.py,test_VrfFun_20_24_25_32_33_44_45,FtOpSoRoVrfFun044,
129,routing/VRF/test_vrf.py,test_VrfFun_20_24_25_32_33_44_45,FtOpSoRoVrfFun045,
130,routing/VRF/test_vrf.py,test_VrfFun_05_50,FtOpSoRoVrfCli005,
131,routing/VRF/test_vrf.py,test_VrfFun_05_50,FtOpSoRoVrfFun050,
